<?xml version="1.0" encoding="UTF-8"?>
<!DOCTYPE mapper PUBLIC "-//mybatis.org//DTD Mapper 3.0//EN" "http://mybatis.org/dtd/mybatis-3-mapper.dtd">
<mapper namespace="itsource.dao.OrderDao">

    <resultMap type="itsource.entity.Order" id="OrderMap">
        <result property="id" column="id" jdbcType="INTEGER"/>
        <result property="otype" column="otype" jdbcType="INTEGER"/>
        <result property="onumber" column="onumber" jdbcType="VARCHAR"/>
        <result property="uid" column="uid" jdbcType="INTEGER"/>
        <result property="oprice" column="oprice" jdbcType="VARCHAR"/>
        <result property="paystate" column="paystate" jdbcType="INTEGER"/>
        <result property="otime" column="otime" jdbcType="VARCHAR"/>
        <result property="ostate" column="ostate" jdbcType="INTEGER"/>
    </resultMap>


    <resultMap type="itsource.entity.Order" id="OrderMap1">
        <result property="id" column="id" jdbcType="INTEGER"/>
        <result property="otype" column="otype" jdbcType="INTEGER"/>
        <result property="onumber" column="onumber" jdbcType="VARCHAR"/>
        <result property="uid" column="uid" jdbcType="INTEGER"/>
        <result property="oprice" column="oprice" jdbcType="VARCHAR"/>
        <result property="paystate" column="paystate" jdbcType="INTEGER"/>
        <result property="otime" column="otime" jdbcType="VARCHAR"/>
        <result property="ostate" column="ostate" jdbcType="INTEGER"/>

        <!--        product信息-->
        <collection property="products" ofType="itsource.entity.Product">
            <result property="pname" column="pname"/>
            <result property="tprice" column="tprice"/>
            <result property="pimageurl" column="pimageurl"/>
        </collection>
    </resultMap>
    <!--根据用户uid 订单状态 ostate 获取订单信息-->
    <!--List<Order> queryOrderInfo(@Param("uid") String uid,@Param("ostate")String ostate);-->
    <select id="queryOrderInfo" resultMap="OrderMap1">
        SELECT o.id id,
        o.otype otype,
        o.onumber onumber,
        o.uid uid,
        o.oprice oprice,
        o.paystate paystate,
        o.otime otime,
        o.ostate ostate,

        p.pname pname,
        p.tprice tprice,
        p.pimageurl pimageurl

        FROM `order` o,
        productorder po,
        product p
        WHERE o.onumber = po.oid
        AND po.pid = p.id
        AND o.uid = #{uid}
        <if test="ostate != null and ostate != ''">
            AND ostate = #{ostate}
        </if>

        ORDER BY otime DESC
    </select>


    <!--查询单个-->
    <select id="queryById" resultMap="OrderMap">
        select id,
               otype,
               onumber,
               uid,
               oprice,
               paystate,
               otime,
               ostate
        from order
        where id = #{id}
    </select>

    <!--查询指定行数据-->
    <select id="queryAllByLimit" resultMap="OrderMap">
        select
        id, otype, onumber, uid, oprice, paystate, otime, ostate
        from order
        <where>
            <if test="id != null">
                and id = #{id}
            </if>
            <if test="otype != null">
                and otype = #{otype}
            </if>
            <if test="onumber != null and onumber != ''">
                and onumber = #{onumber}
            </if>
            <if test="uid != null">
                and uid = #{uid}
            </if>
            <if test="oprice != null">
                and oprice = #{oprice}
            </if>
            <if test="paystate != null">
                and paystate = #{paystate}
            </if>
            <if test="otime != null and otime != ''">
                and otime = #{otime}
            </if>
            <if test="ostate != null">
                and ostate = #{ostate}
            </if>
        </where>
        limit #{pageable.offset}, #{pageable.pageSize}
    </select>

    <!--统计总行数-->
    <select id="count" resultType="java.lang.Long">
        select count(1)
        from `order`
        <where>
            <if test="id != null">
                and id = #{id}
            </if>
            <if test="otype != null">
                and otype = #{otype}
            </if>
            <if test="onumber != null and onumber != ''">
                and onumber = #{onumber}
            </if>
            <if test="uid != null">
                and uid = #{uid}
            </if>
            <if test="oprice != null">
                and oprice = #{oprice}
            </if>
            <if test="paystate != null">
                and paystate = #{paystate}
            </if>
            <if test="otime != null and otime != ''">
                and otime = #{otime}
            </if>
            <if test="ostate != null">
                and ostate = #{ostate}
            </if>
        </where>
    </select>

    <!--新增所有列-->
    <insert id="insert" keyProperty="id" useGeneratedKeys="true">
        insert into `order`(otype, onumber, uid, oprice, paystate, otime, ostate)
        values (#{otype}, #{onumber}, #{uid}, #{oprice}, #{paystate}, #{otime}, #{ostate})
    </insert>

    <insert id="insertBatch" keyProperty="id" useGeneratedKeys="true">
        insert into `order`(otype, onumber, uid, oprice, paystate, otime, ostate)
        values
        <foreach collection="entities" item="entity" separator=",">
            (#{entity.otype}, #{entity.onumber}, #{entity.uid}, #{entity.oprice}, #{entity.paystate}, #{entity.otime},
            #{entity.ostate})
        </foreach>
    </insert>

    <insert id="insertOrUpdateBatch" keyProperty="id" useGeneratedKeys="true">
        insert into `order`(otype, onumber, uid, oprice, paystate, otime, ostate)
        values
        <foreach collection="entities" item="entity" separator=",">
            (#{entity.otype}, #{entity.onumber}, #{entity.uid}, #{entity.oprice}, #{entity.paystate}, #{entity.otime},
            #{entity.ostate})
        </foreach>
        on duplicate key update
        otype = values(otype),
        onumber = values(onumber),
        uid = values(uid),
        oprice = values(oprice),
        paystate = values(paystate),
        otime = values(otime),
        ostate = values(ostate)
    </insert>

    <!--通过主键修改数据-->
    <update id="update">
        update `order`
        <set>
            <if test="otype != null">
                otype = #{otype},
            </if>
            <if test="onumber != null and onumber != ''">
                onumber = #{onumber},
            </if>
            <if test="uid != null">
                uid = #{uid},
            </if>
            <if test="oprice != null">
                oprice = #{oprice},
            </if>
            <if test="paystate != null">
                paystate = #{paystate},
            </if>
            <if test="otime != null and otime != ''">
                otime = #{otime},
            </if>
            <if test="ostate != null">
                ostate = #{ostate},
            </if>
        </set>
        where id = #{id}
    </update>

    <!--通过主键删除-->
    <delete id="deleteById">
        delete
        from `order`
        where id = #{id}
    </delete>

</mapper>

