<?xml version="1.0" encoding="UTF-8"?>
<!DOCTYPE mapper PUBLIC "-//mybatis.org//DTD Mapper 3.0//EN" "http://mybatis.org/dtd/mybatis-3-mapper.dtd">
<mapper namespace="itsource.dao.ProductorderDao">

    <resultMap type="itsource.entity.Productorder" id="ProductorderMap">
        <result property="id" column="id" jdbcType="INTEGER"/>
        <result property="oid" column="oid" jdbcType="VARCHAR"/>
        <result property="pid" column="pid" jdbcType="INTEGER"/>
        <result property="number" column="number" jdbcType="INTEGER"/>
        <result property="price" column="price" jdbcType="VARCHAR"/>
    </resultMap>

    <!--查询单个-->
    <select id="queryById" resultMap="ProductorderMap">
        select
          id, oid, pid, number, price
        from productorder
        where id = #{id}
    </select>

    <!--查询指定行数据-->
    <select id="queryAllByLimit" resultMap="ProductorderMap">
        select
          id, oid, pid, number, price
        from productorder
        <where>
            <if test="id != null">
                and id = #{id}
            </if>
            <if test="oid != null and oid != ''">
                and oid = #{oid}
            </if>
            <if test="pid != null">
                and pid = #{pid}
            </if>
            <if test="number != null">
                and number = #{number}
            </if>
            <if test="price != null">
                and price = #{price}
            </if>
        </where>
        limit #{pageable.offset}, #{pageable.pageSize}
    </select>

    <!--统计总行数-->
    <select id="count" resultType="java.lang.Long">
        select count(1)
        from productorder
        <where>
            <if test="id != null">
                and id = #{id}
            </if>
            <if test="oid != null and oid != ''">
                and oid = #{oid}
            </if>
            <if test="pid != null">
                and pid = #{pid}
            </if>
            <if test="number != null">
                and number = #{number}
            </if>
            <if test="price != null">
                and price = #{price}
            </if>
        </where>
    </select>

    <!--新增所有列-->
    <insert id="insert" keyProperty="id" useGeneratedKeys="true">
        insert into productorder(oid, pid, number, price)
        values (#{oid}, #{pid}, #{number}, #{price})
    </insert>

<!--    <insert id="insertBatch" keyProperty="id" useGeneratedKeys="true">-->
    <insert id="insertBatch">
        insert into productorder(oid, pid, number, price)
        values
        <foreach collection="entities" item="entity" separator=",">
        (#{entity.oid}, #{entity.pid}, #{entity.number}, #{entity.price})
        </foreach>
    </insert>

    <insert id="insertOrUpdateBatch" keyProperty="id" useGeneratedKeys="true">
        insert into productorder(oid, pid, number, price)
        values
        <foreach collection="entities" item="entity" separator=",">
            (#{entity.oid}, #{entity.pid}, #{entity.number}, #{entity.price})
        </foreach>
        on duplicate key update
        oid = values(oid),
        pid = values(pid),
        number = values(number),
        price = values(price)
    </insert>

    <!--通过主键修改数据-->
    <update id="update">
        update productorder
        <set>
            <if test="oid != null and oid != ''">
                oid = #{oid},
            </if>
            <if test="pid != null">
                pid = #{pid},
            </if>
            <if test="number != null">
                number = #{number},
            </if>
            <if test="price != null">
                price = #{price},
            </if>
        </set>
        where id = #{id}
    </update>

    <!--通过主键删除-->
    <delete id="deleteById">
        delete from productorder where id = #{id}
    </delete>

</mapper>

