<?xml version="1.0" encoding="UTF-8"?>
<!DOCTYPE mapper PUBLIC "-//mybatis.org//DTD Mapper 3.0//EN" "http://mybatis.org/dtd/mybatis-3-mapper.dtd">
<mapper namespace="itsource.dao.ProductDao">

    <resultMap type="itsource.entity.Product" id="ProductMap">
        <result property="id" column="id" jdbcType="INTEGER"/>
        <result property="pname" column="pname" jdbcType="VARCHAR"/>
        <result property="typeid" column="typeid" jdbcType="INTEGER"/>
        <result property="tprice" column="tprice" jdbcType="VARCHAR"/>
        <result property="tintroduce" column="tintroduce" jdbcType="VARCHAR"/>
        <result property="pimageurl" column="pimageurl" jdbcType="VARCHAR"/>
        <result property="photstate" column="photstate" jdbcType="INTEGER"/>
        <result property="pdiscount" column="pdiscount" jdbcType="VARCHAR"/>
        <result property="pstate" column="pstate" jdbcType="INTEGER"/>
    </resultMap>
    <resultMap type="itsource.entity.Product" id="ProductMap1">
        <result property="id" column="pid" jdbcType="INTEGER"/>
        <result property="pname" column="pname" jdbcType="VARCHAR"/>
        <result property="typeid" column="typeid" jdbcType="INTEGER"/>
        <result property="tprice" column="tprice" jdbcType="NUMERIC"/>
        <result property="tintroduce" column="tintroduce" jdbcType="VARCHAR"/>
        <result property="pimageurl" column="pimageurl" jdbcType="VARCHAR"/>
        <result property="photstate" column="photstate" jdbcType="INTEGER"/>
        <result property="pdiscount" column="pdiscount" jdbcType="VARCHAR"/>
        <result property="pstate" column="pstate" jdbcType="INTEGER"/>

        <result property="type.id" column="tid"/>
        <result property="type.typename" column="typename"/>
        <result property="type.timageurl" column="timageurl"/>
        <result property="type.tstate" column="tstate"/>
    </resultMap>

    <!--根据产品分类id获取产品信息-->
    <!--List<Product> queryByProductType(Long id);-->
    <select id="queryByProductType" resultMap="ProductMap1">
        SELECT t.id         tid,
               t.typename   typename,
               t.timageurl  timageurl,
               t.tstate     tstate,

               p.id         pid,
               p.pname      pname,
               p.typeid     typeid,
               p.tprice     tprice,
               p.tintroduce tintroduce,
               p.pimageurl  pimageurl,
               p.photstate  photstate,
               p.pdiscount  pdiscount,
               p.pstate     pstate
        FROM `type` t,
             product p
        WHERE t.id = p.typeid
          AND t.id = #{id}
    </select>
    <!--查询单个-->
    <select id="queryById" resultMap="ProductMap">
        select
          id, pname, typeid, tprice, tintroduce, pimageurl, photstate, pdiscount, pstate
        from product
        where id = #{id}
    </select>

    <!--查询指定行数据-->
    <select id="queryAllByLimit" resultMap="ProductMap">
        select
          id, pname, typeid, tprice, tintroduce, pimageurl, photstate, pdiscount, pstate
        from product
        <where>
            <if test="id != null">
                and id = #{id}
            </if>
            <if test="pname != null and pname != ''">
                and pname = #{pname}
            </if>
            <if test="typeid != null">
                and typeid = #{typeid}
            </if>
            <if test="tprice != null and tprice != ''">
                and tprice = #{tprice}
            </if>
            <if test="tintroduce != null and tintroduce != ''">
                and tintroduce = #{tintroduce}
            </if>
            <if test="pimageurl != null and pimageurl != ''">
                and pimageurl = #{pimageurl}
            </if>
            <if test="photstate != null">
                and photstate = #{photstate}
            </if>
            <if test="pdiscount != null">
                and pdiscount = #{pdiscount}
            </if>
            <if test="pstate != null">
                and pstate = #{pstate}
            </if>
        </where>
        limit #{pageable.offset}, #{pageable.pageSize}
    </select>

    <!--统计总行数-->
    <select id="count" resultType="java.lang.Long">
        select count(1)
        from product
        <where>
            <if test="id != null">
                and id = #{id}
            </if>
            <if test="pname != null and pname != ''">
                and pname = #{pname}
            </if>
            <if test="typeid != null">
                and typeid = #{typeid}
            </if>
            <if test="tprice != null and tprice != ''">
                and tprice = #{tprice}
            </if>
            <if test="tintroduce != null and tintroduce != ''">
                and tintroduce = #{tintroduce}
            </if>
            <if test="pimageurl != null and pimageurl != ''">
                and pimageurl = #{pimageurl}
            </if>
            <if test="photstate != null">
                and photstate = #{photstate}
            </if>
            <if test="pdiscount != null">
                and pdiscount = #{pdiscount}
            </if>
            <if test="pstate != null">
                and pstate = #{pstate}
            </if>
        </where>
    </select>

    <!--新增所有列-->
    <insert id="insert" keyProperty="id" useGeneratedKeys="true">
        insert into product(pname, typeid, tprice, tintroduce, pimageurl, photstate, pdiscount, pstate)
        values (#{pname}, #{typeid}, #{tprice}, #{tintroduce}, #{pimageurl}, #{photstate}, #{pdiscount}, #{pstate})
    </insert>

    <insert id="insertBatch" keyProperty="id" useGeneratedKeys="true">
        insert into product(pname, typeid, tprice, tintroduce, pimageurl, photstate, pdiscount, pstate)
        values
        <foreach collection="entities" item="entity" separator=",">
        (#{entity.pname}, #{entity.typeid}, #{entity.tprice}, #{entity.tintroduce}, #{entity.pimageurl}, #{entity.photstate}, #{entity.pdiscount}, #{entity.pstate})
        </foreach>
    </insert>

    <insert id="insertOrUpdateBatch" keyProperty="id" useGeneratedKeys="true">
        insert into product(pname, typeid, tprice, tintroduce, pimageurl, photstate, pdiscount, pstate)
        values
        <foreach collection="entities" item="entity" separator=",">
            (#{entity.pname}, #{entity.typeid}, #{entity.tprice}, #{entity.tintroduce}, #{entity.pimageurl}, #{entity.photstate}, #{entity.pdiscount}, #{entity.pstate})
        </foreach>
        on duplicate key update
        pname = values(pname),
        typeid = values(typeid),
        tprice = values(tprice),
        tintroduce = values(tintroduce),
        pimageurl = values(pimageurl),
        photstate = values(photstate),
        pdiscount = values(pdiscount),
        pstate = values(pstate)
    </insert>

    <!--通过主键修改数据-->
    <update id="update">
        update product
        <set>
            <if test="pname != null and pname != ''">
                pname = #{pname},
            </if>
            <if test="typeid != null">
                typeid = #{typeid},
            </if>
            <if test="tprice != null and tprice != ''">
                tprice = #{tprice},
            </if>
            <if test="tintroduce != null and tintroduce != ''">
                tintroduce = #{tintroduce},
            </if>
            <if test="pimageurl != null and pimageurl != ''">
                pimageurl = #{pimageurl},
            </if>
            <if test="photstate != null">
                photstate = #{photstate},
            </if>
            <if test="pdiscount != null">
                pdiscount = #{pdiscount},
            </if>
            <if test="pstate != null">
                pstate = #{pstate},
            </if>
        </set>
        where id = #{id}
    </update>

    <!--通过主键删除-->
    <delete id="deleteById">
        delete from product where id = #{id}
    </delete>

</mapper>

